user,points,first,second,third
theyagich,1734.5,8,4,7
eigentourist,6901.0,33,19,26
taniwha3,668.0,1,1,3
omarrr64,30.5,0,0,0
lefishe90,153.0,0,1,0
stanleycodes,904.5,6,6,2
renerod1,575.5,0,1,3
superxjoo,5.0,0,0,0
icon33,934.5,0,2,3
jkpockets,85.0,0,0,0
planetaryashes,44.0,0,0,0
tman0078,0.0,0,0,0
ksaruu,33.5,0,0,0
omnifidus,104.0,1,0,0
l3thaln3ss,563.0,2,3,1
blaiselabs,850.0,1,1,3
caliiiimero,51.0,0,0,0
sockheadrps,3719.5,15,10,2
madstork91,506.0,2,1,3
vantasn3r,1520.5,3,3,6
shak390,280.5,1,1,1
robodom_,2782.5,18,8,5
bbj4y,11.0,0,0,0
tvjosh,137.5,0,0,0
fizzythevisionary,3909.0,14,19,14
dandymcgee,230.0,1,1,0
grimybadger,7540.0,29,38,28
wrylands12,59.0,0,0,0
littlebulli,12.0,0,0,0
teyrarr,0.0,0,0,0
insanekrazy,180.0,0,1,1
t31337,40.0,0,0,1
kromantiking,73.0,1,0,0
robotech83,1767.5,5,4,8
mikeecodes,5660.0,27,8,1
dihmeetree,117.5,0,0,1
mikenhil,108.5,0,0,0
xowilough,346.0,0,0,1
mrfabridev,17.5,0,0,0
mailbox_new,11.0,0,0,0
forsaken_failure,2.0,0,0,0
nhancodes,1162.5,4,8,1
omanandlive,70.5,0,1,0
miniscruff,5944.0,26,10,19
qwanicus,643.0,3,1,1
jitspoe,8.0,0,0,0
trycatch_tv,133.0,0,0,0
simulakrum,2182.5,9,8,5
ghostdaddy,88.0,0,0,0
supremememel0rd,17.0,0,0,0
rollerss,45.5,0,0,0
stephenballball,808.0,0,4,2
ofjaaaah,50.0,0,1,0
teejcoder,3.0,0,0,0
rw_grim,4.0,0,0,0
tabojc,1.0,0,0,0
cepemir,0.0,0,0,0
crazyjjq,1.0,0,0,0
about4armyranger,978.0,4,2,1
chadwickincoming,12.0,0,0,0
yizzyyaz,40.5,0,0,0
leahtcodes,114.0,0,0,0
physbuzz,26.5,0,0,0
queendorx,44.0,0,0,0
fishermanguybro,33.5,0,0,0
therealcocogaming,18.5,0,0,0
12_feet_up,14.0,0,0,0
shmellyorc,7.5,0,0,0
theshmill,0.0,0,0,0
novahorizon,0.0,0,0,0
productivetime,872.5,2,3,2
briguythefryguy,1.0,0,0,0
mvczr,1.0,0,0,0
gbowne1,242.0,1,1,0
xphoenix2933x,111.0,0,0,2
arbitrandomuser,10.5,0,0,0
khaosd2,40.0,0,0,0
great_malboro,304.0,2,0,0
butticles,42.5,0,0,0
hydrosrage,46.5,0,0,0
jarodimus_prime,0.0,0,0,0
jawwknee_,5.0,0,0,0
strataca,12.5,0,0,0
nimbus7x,170.0,0,1,0
steelo_vs_tsv,1.0,0,0,0
nikitathesameone,10.0,0,0,0
potentref,0.0,0,0,0
pilferz,39.0,0,0,0
theidentitybooth,18.5,0,0,0
arshad24,3.0,0,0,0
krikit_,26.0,0,0,0
flyboy1565,9.0,0,0,0
promax1113,20.0,0,0,0
dickydiscord,555.0,2,1,1
itsfarisdou,27.0,0,0,0
ahmadaccino,13.5,0,0,0
finisfine,11.0,0,0,0
pancakesauce8008ies,8.5,0,0,0
practicalnpc,12.0,0,0,0
earend,301.0,0,0,1
cmgriffing,208.5,0,0,1
asadsmash,1.0,0,0,0
tiquidev,1.0,0,0,0
xallomilo,32.5,0,0,0
ryankhawkins,0.0,0,0,0
herby619,-1.5,0,0,0
neptune102,279.5,1,0,0
kercules_saves,16.5,0,0,0
hebozhe,113.0,0,0,1
bsantanascalper,10.0,0,0,0
netdevv,72.5,0,0,0
imthenew,215.5,1,2,0
javagrunt,272.0,0,1,0
az_vocal_local,16.0,0,0,0
butrmlkpancake_,8.0,0,0,0
rainnnn0122,0.0,0,0,0
lucasmern,26.0,0,0,0
haxxr492,47.0,0,0,0
gimmeslack,85.0,0,0,0
morseamalgam,12.0,0,0,0
keibaret,7.0,0,0,0
acureforwht,3.0,0,0,0
7pounds84,2.0,0,0,0
ghiblimagic,3.0,0,0,0
funpennywiseclwn,3.0,0,0,0
snoozecluez,12.0,0,0,0
neverl0gtv_ofc,1.0,0,0,0
ryandotdev,0.5,0,0,0
weluvdie,0.0,0,0,0
francoiscotedev,0.0,0,0,0
iamneogeek,129.0,1,0,0
svbenja,0.0,0,0,0
arnirat,0.0,0,0,0
lopta,28.5,0,0,0
stovoy,31.0,0,0,0
samarabeauty_,229.0,0,2,0
10x_programmer,161.0,0,0,0
blaisebits,11.0,0,0,0
maniacalenigma,3.5,0,0,0
mdbm,26.0,0,0,0
blastcod3s,44.5,0,0,0
emogiraffe450,11.5,0,0,0
undermywheel,88.0,0,0,0
filmingstudio,25.0,0,0,0
iamzeus,2.0,0,0,0
omni_digital,8.0,0,0,0
mistawicket,29.0,0,0,0
foobarqix,19.5,0,0,0
theoriginalsteaksauce,177.5,1,0,1
virus0159,2.0,0,0,0
lukasl_dev,0.0,0,0,0
norwegian_oiler,304.5,1,1,2
jujococs,46.0,0,0,0
nef3sh,82.0,2,0,0
superheroesincolor,4.5,0,0,0
yolomd,1.0,0,0,0
heartlesshi,35.0,0,0,0
big_duckie_snow,2.0,0,0,0
psyperl,17.0,0,0,0
chloegpt,17.5,0,0,0
officerjones1,3.0,0,0,0
themixednuts,8.0,0,0,0
potliquor,85.5,1,0,0
blackmeat38,1.5,0,0,0
dfluxstreams,218.5,1,1,1
mayozambada99,0.0,0,0,0
lavacalocattv,26.0,0,0,0
kev_ddev,0.0,0,0,0
pheezustv,296.5,1,1,0
elonfask,0.0,0,0,0
fredygamer666,11.0,0,0,0
streamelements,13.0,0,0,0
brightsidemovement,13.0,0,0,0
aluminum_lizard_man,5.0,0,0,0
grimm_nyc,1.0,0,0,0
lankymoosecodes,97.0,0,1,0
lichtgierig,0.0,0,0,0
blacktransamgt,70.0,0,1,0
cavemancrafting,406.5,1,0,2
magicflash67,43.5,0,0,0
bixiavt,12.0,0,0,0
falinere,109.0,0,1,0
marcos_mnsnk9,20.0,0,0,0
bioteknick,6.0,0,0,0
thelummen,5.0,0,0,0
jonaoppa,2.0,0,0,0
skerpskerp,3.0,0,0,0
odds_get_evened,2.0,0,0,0
korbo_the_red_shadow,0.0,0,0,0
stream_kyle,3.0,0,0,0
fuzzydemonbunny,0.0,0,0,0
yukievt,0.0,0,0,0
mozzyrella7,0.0,0,0,0
tomatoes_cannotbetrusted,0.0,0,0,0
jayisback1,128.5,0,2,0
jeycologne,118.5,0,1,1
pimpampo,11.5,0,0,0
jtraxxx,8.0,0,0,0
kingsacrificer,32.5,0,0,0
rizzcrack,5.5,0,0,0
internetbird,7.5,0,0,0
willthefoollearn,4.0,0,0,0
formalgoosefoundation,26.0,0,0,0
lostwings5,2.0,0,0,0
pillowdt,2.0,0,0,0
jackxn2001,2.0,0,0,0
dustpur89,8.0,0,0,0
bayekauditore,0.0,0,0,0
treece83,0.0,0,0,0
drprocess,0.0,0,0,0
notmedontworry,73.5,0,1,0
r22k20,10.0,0,0,0
jcadlive,8.0,0,0,0
jackysprinkles,60.0,0,0,0
safiregg,1.0,0,0,0
storageforsports,1.0,0,0,0
blunderjuicer,6.0,0,0,0
s4mm1ch_,102.0,0,0,1
dj_chateau,86.0,0,1,0
e_euler,12.0,0,0,0
f34rinc,120.0,0,0,0
l4ff1n,4.0,0,0,0
creationkit_nz,73.0,0,0,1
eccentricsupervisor_925,0.0,0,0,0
elfrankisky,0.0,0,0,0
brentlavelle,0.0,0,0,0
madmarky420,0.0,0,0,0
biniar_,0.0,0,0,0
daedae2010_,5.0,0,0,0
kennethbcoding,202.5,0,1,0
creekburn,10.0,0,0,0
motown241,1.0,0,0,0
the_solorogue,11.5,0,0,0
duke4pf,0.0,0,0,0
banana2731,0.0,0,0,0
s9tpepper_,12.0,0,0,0
c0dec0re,1072.5,5,3,6
nileshdgaikwad8805,7.0,0,0,0
priceless____,12.5,0,0,0
bosnian_boy91,86.0,1,0,0
ainyur,3.0,0,0,0
shreyansh_09,2.0,0,0,0
lilsafbig,6.0,0,0,0
designcleric,2.0,0,0,0
aongxtp,0.0,0,0,0
jossh2001_,28.0,0,0,0
toasterwave_,388.5,0,2,0
guanacotutellar,0.0,0,0,0
pablinjo,0.0,0,0,0
staticgamerg,39.0,0,0,0
mfusc,36.5,0,0,0
robotichead,8.0,0,0,0
mechajdi,87.0,0,0,1
j3ech,4.0,0,0,0
lostnotes,219.5,0,0,1
vonvo_,2.0,0,0,0
matrixpl23,0.0,0,0,0
chrissiecodes,74.0,0,0,0
dev_daph,16.5,0,0,0
star3gg,21.0,0,0,0
ayrtonalexis,4.0,0,0,0
noble18th,3.0,0,0,0
trysomethingdev,1.0,0,0,0
absysiowy,10.0,0,0,0
proxfye,1.0,0,0,0
studyinghelen,21.0,0,0,0
dragonflycdxvi,0.0,0,0,0
poopuhchoo,410.5,2,0,2
myshioplays,6.5,0,0,0
mmlvx,229.5,0,0,2
dentldamn,10.0,0,0,0
pixilfalls,2.5,0,0,0
scavenged_by_sunset,1.5,0,0,0
omanau1,1.0,0,0,0
marfrenzzz,9.0,0,0,0
llenxux,0.0,0,0,0
fried2x,14.0,0,0,0
raticide,61.5,1,0,0
azndacalvin,2.0,0,0,0
0trip0,2.0,0,0,0
ayayagreyeye,12.5,0,0,0
m0j05,0.0,0,0,0
sneakyfoxtrot,86.5,0,1,0
dr_scoliosis,0.0,0,0,0
tg_khalil,91.0,0,1,0
dmwhitedragon,1832.0,6,3,4
zebriahkarr,20.5,0,0,0
mooseab,2.0,0,0,0
jimcqeen02,0.5,0,0,0
ohh_bee,2.0,0,0,0
alistair24102013,0.0,0,0,0
bossgans,0.0,0,0,0
tanabonana,6.0,0,0,0
raviko,0.0,0,0,0
agent_427,9.0,0,0,0
yellonooo,441.5,0,1,1
travisvroman,8.0,0,0,0
j3sus_h,12.0,0,0,0
lucia_gn,3.0,0,0,0
iraddev,24.5,0,0,1
elsdrag00n,0.0,0,0,0
rcw271828,0.0,0,0,0
irti_345,20.0,0,1,0
conjurer_of_coom,3.0,0,0,0
iamthomaselder,109.5,0,0,1
whybborn,209.5,0,0,0
cfritzz1,5.0,0,0,0
beanbasedlifeform,3.0,0,0,0
galvaho,0.0,0,0,0
alpha_beta_gabe,2.0,0,0,0
honestgamer101,87.0,1,0,0
mwest,27.5,0,0,0
hannylicious,16.5,0,0,0
griotgriot,9.0,0,0,0
t3h_danger,378.0,0,0,1
danfrmspace,237.0,2,1,0
rumpelforcekin,14.5,0,0,0
mermaidcrunch,0.0,0,0,0
tsar_north,0.0,0,0,0
pedrohrocco,0.0,0,0,0
jottlers,9.0,0,0,0
wammoh,1.0,0,0,0
bigdogg365,1.0,0,0,0
mtadder1942,1.0,0,0,0
dmdboi,1.0,0,0,0
julipr0derbest,8.0,0,0,0
firecodeman69,42.5,0,0,0
spiderqueen,28.0,0,0,0
skizzotool,4.5,0,0,0
shilo1,1.0,0,0,0
spacenrain,108.0,1,0,0
nightfallblade,0.0,0,0,0
48milo,0.0,0,0,0
predictionmachine,17.0,0,0,0
iotamalegaming,1.0,0,0,0
junarioso,0.0,0,0,0
solarlabyrinth,10.5,0,0,0
cassycodes,0.0,0,0,0
napkat,26.5,0,0,0
peterrobieart,34.5,0,0,0
vephoenix,0.0,0,0,0
glno52,123.0,1,0,1
archiethedeveloper,31.0,0,0,0
harryistrying,1.0,0,0,0
jackyalcine,5.5,0,0,0
obi1kenblowme_,24.5,0,0,0
hollyluck,88.5,0,1,1
playmagame,18.5,0,0,0
shapestar,7.0,0,0,0
intelijens,174.0,1,0,1
danimalicious,2.0,0,0,0
syntaxicalecho,44.5,0,0,0
juancruz__24,0.0,0,0,0
marshmallowrobot,22.5,0,0,0
stderr_dk,314.0,0,1,0
thelittlevixen,53.5,0,0,1
secretply_2,902.0,1,4,5
tallmon90,6.0,0,0,0
developakey,0.0,0,0,0
illegal_sushi,0.0,0,0,0
lovecodelinux,8.0,0,0,0
fallen_thespian,6.0,0,0,0
mariaintentions,4.0,0,0,0
ditzbitzcom,3.0,0,0,0
daddybiffles,634.0,1,2,2
fannyslam,2.0,0,0,0
booyagrandmma,2.0,0,0,0
casperdragonwolf,0.0,0,0,0
youhei_0_,0.0,0,0,0
maxim0014,0.0,0,0,0
holds_up_spork,21.5,0,0,0
lopez54032,11.0,0,0,0
sudoplz,192.0,1,1,1
t0ky0monster,1.0,0,0,0
abadous,1.0,0,0,0
sassyfajita,0.5,0,0,0
programmer1234,0.0,0,0,0
livtechsavvy,480.0,2,0,1
aibraindrill,14.0,0,0,1
eusouchiste,10.0,0,0,0
typeerrordev,449.5,0,1,2
threepoundmight,6.0,0,0,0
nezzyblade,0.0,0,0,0
naotoinsc,0.0,0,0,0
fq_mop1427,0.0,0,0,0
vellahgames,0.0,0,0,0
averaglynormal_guy,35.5,0,0,1
tdman22,2.0,0,0,0
ghostbro776,2.0,0,0,0
thomasmcrowe,30.0,0,0,0
victor_vickie,104.0,0,0,0
nuggets1981,72.5,0,0,0
lucino_bunz,0.0,0,0,0
aviannabunz,0.0,0,0,0
jokermillenium,0.0,0,0,0
thenewnero,0.0,0,0,0
zekeer241,0.0,0,0,0
ysnmars,3.0,0,0,0
1hiddensword,0.0,0,0,0
xhacktheplanetx,0.0,0,0,0
czextreme,1.0,0,0,0
rolso1,0.0,0,0,0
thisnoub,0.0,0,0,0
ovita87,0.0,0,0,0
inijson,0.0,0,0,0
caels_c,38.0,0,0,2
lonewolfzor,574.5,2,3,1
patternsindroves,57.5,0,0,0
12feetup,12.0,0,0,0
diogoqueiroz,2.0,0,0,0
0zzmoziz,74.0,0,1,0
nighthawk450,15.0,0,0,0
killor_,13.0,0,0,0
pumpkindays,9.0,0,0,0
attendingmars,5.0,0,0,0
wulleybully,2.0,0,0,0
anihanshard,2.0,0,0,0
finsiftycat,19.0,0,1,0
fooforce,4.0,0,0,0
m1lcoohwxd,0.0,0,0,0
datadominatrix,8.0,0,0,0
seasonalgamerguy,5.5,0,0,0
unrealveil,5.0,0,0,0
irasakai,3.0,0,0,0
msec,0.0,0,0,0
ernydv,52.5,1,0,0
jochemwhite,94.0,0,0,0
cr0ryx,8.5,0,0,0
lifelongscouringu,0.0,0,0,0
willis_wilkins,15.0,0,0,0
chemistrystar,27.0,0,0,0
jukeboxpanda,10.0,0,0,0
0_chrollo_0,0.0,0,0,0
kameliyon,21.0,0,1,0
chancedev,3.0,0,0,0
atoverride,748.0,1,2,0
streamtodestream,6.0,0,0,0
shaggyer91,93.0,1,0,0
ozookev,86.0,0,0,0
legologic16,9.5,0,0,0
baruc_mrz,4.0,0,0,0
alphaomegaenable,1.0,0,0,0
dasotoo,51.0,0,0,0
syndevilovepie,20.5,0,0,0
some1and2,119.5,0,0,0
mottzymakes,59.0,0,1,0
depressedandrepressed,4.5,0,0,0
roilit,4.0,0,0,0
kmattfps_,1.0,0,0,0
chandu16,1.0,0,0,0
rathyon,1.0,0,0,0
flansel,0.0,0,0,0
clipt9m,9.0,0,0,0
htmldecoder,0.0,0,0,0
mavdukk,225.5,0,1,1
foundrey,17.5,0,0,0
stonefourk,0.0,0,0,0
ddash25,6.0,0,0,0
vpmonk,-0.5,0,0,0
mega_light_k,13.0,0,0,0
tsdninjaking,7.0,0,0,0
glitergirlrevtv,7.0,0,0,0
nate_codes,37.0,0,0,0
mayanwolfe,2.5,0,0,0
redslyfox8,2.0,0,0,0
ungiebungie,2.0,0,0,0
juniorg1024,243.0,0,0,2
bleakcovenn1,1.0,0,0,0
acopperlily,0.0,0,0,0
local_root,0.0,0,0,0
kreastricon,32.0,0,0,0
zeruxii,0.0,0,0,0
rvicebreaker,4.0,0,0,0
guillerolon,0.0,0,0,0
midaslockhart,13.0,0,0,0
crazycrystals,53.0,0,0,0
remain00,2.0,0,0,0
squidboi420x666,1.0,0,0,0
dasilvacontin_cowork,1.0,0,0,0
christiansen2004,7.0,0,0,0
freudnotjung,0.0,0,0,0
sortof_here,17.0,0,0,1
johnxvideos,5.0,0,0,0
greyysp,4.0,0,0,0
saiforceone,5.5,0,0,0
aug16th,1.0,0,0,0
crunchycodes,0.0,0,0,0
evelkenevel79,14.0,0,0,0
jericho_thundercoque,67.0,0,0,0
hegpetz,2.0,0,0,0
keithnicholas,1.5,0,0,0
nes4ku,0.0,0,0,0
thegoosewriter,0.0,0,0,0
therealraymondjones,14.0,0,0,0
pkausg3x,3.0,0,0,0
eclipseofhearts,0.0,0,0,0
pierogigon,68.0,0,0,0
misskalunji,36.0,0,0,0
allanttf,2.0,0,0,0
billdagrey,4.0,0,0,0
rambogpt,2.0,0,0,0
seupede,10.0,0,0,0
jobn9c,97.0,0,0,0
drowwzikarkat,2.0,0,0,0
jamiezyx,0.0,0,0,0
moonflicker,0.0,0,0,0
claimyofreedom,10.0,0,0,0
grasum,8.0,0,0,0
xerioc2,101.0,0,0,0
beli3v3_,6.0,0,0,0
dr_wolf03,9.0,0,0,0
mooshubb,26.5,0,0,0
jppost2000,21.5,0,0,0
dionelalex,2.0,0,0,0
bryantdev_,2.0,0,0,0
guruswamiyeet,3.0,0,0,0
whittington__,57.5,0,0,0
octochrisdeluxe,16.0,0,0,0
lemmenmusic,8.0,0,0,0
talntid,14.0,0,0,0
littlemissmurder_,13.0,0,0,0
james_coffee,9.0,0,0,0
bjmjos,7.0,0,0,0
famigerate,6.0,0,0,0
indieclusteratl,15.0,0,0,0
flatiriinga,4.0,0,0,0
thecoppinger,53.5,0,0,0
izi_moray,2.0,0,0,0
fun_stun,3.0,0,0,0
cheun,1.0,0,0,0
gwakkamolay,1.0,0,0,0
rlawjddn00www,11.0,0,0,0
mk_slug,7.0,0,0,0
matty_twoshoes,4.0,0,0,0
fatboootyangel,2.0,0,0,0
pingleyy,2.0,0,0,0
josesammut,29.5,0,0,0
rksobers,0.0,0,0,0
b3agz,0.0,0,0,0
cypherenigma,0.0,0,0,0
zombiebowtiie,10.5,0,0,0
theonerm2,11.0,0,0,0
voodootacogaming,2.0,0,0,0
ttv_godkingog20,0.0,0,0,0
typicalindividual,0.0,0,0,0
thebotanizer,4.5,0,0,0
eldeesha,194.0,0,2,1
quantumapprentice,12.0,0,0,0
iamspeedyalex,3.0,0,0,0
velusip,5.0,0,0,0
yaboywolfen,22.0,0,0,0
xxx4am,7.0,0,0,0
kaushal2469,87.5,0,0,0
anotherisaac,32.5,0,0,0
uncubanodev,3.0,0,0,0
neppallv,2.0,0,0,0
thatspyguy,1.0,0,0,0
dawdle,34.5,0,0,0
ireal_,10.0,0,0,0
robmblind,2.0,0,0,0
hitsupod,2.0,0,0,0
pandacoder,70.5,0,1,0
zero2herozed,39.0,0,0,0
monkejtv,31.5,0,0,0
mai57,14.0,0,0,0
fatsogames,11.5,0,0,0
0x29,256.5,0,0,1
dreamtravelling,7.0,0,0,0
mtgkitty,70.5,1,0,0
zhynem,2.0,0,0,0
crogaro,132.0,0,0,1
bigzaddysempai,36.5,0,0,0
vtsxking,1.0,0,0,0
mysticwheels,1.0,0,0,0
81rings,5.0,0,0,0
varunastra1,1.0,0,0,0
coderlady,5.0,0,0,0
klae32,62.0,0,1,0
wakandas_1st_heero,16.0,0,0,0
cryogi,0.0,0,0,0
asheroth86,0.0,0,0,0
islemov1c,0.0,0,0,0
scottb1969,0.0,0,0,0
jackconceprio,14.0,0,0,0
xmetrix,137.0,0,0,0
majin_buu322,9.0,0,0,0
edwardcr15,2.0,0,0,0
oddoculus,60.0,0,0,0
maggi_gamertv,0.0,0,0,0
simonn_ak,0.0,0,0,0
ultimateedition,0.0,0,0,0
gearglass47,-0.5,0,0,0
therealtechviking,0.0,0,0,0
raouisidimomoraoui,0.0,0,0,0
naso1324,0.0,0,0,0
sockelo,0.0,0,0,0
th3viousgameus,25.5,0,0,0
8toes,20.0,0,0,0
dogwithglasseson,12.0,0,0,0
terencelovesyourmom,10.0,0,0,0
dolerian55isback,130.5,0,1,0
mauroolol,1.0,0,0,0
tresaidh3llo,38.5,0,0,0
heiah,75.0,0,0,0
vmttmv,7.0,0,0,0
effigyofanavatar,5.0,0,0,0
digitalcitizen1,2.0,0,0,0
odlhrdn,5.0,0,0,0
mc_zackary,1.0,0,0,0
theyolotato,2.0,0,0,0
pmwals09,0.0,0,0,0
sarisonzero,24.0,0,0,0
ivy_goyette26,0.0,0,0,0
omn0mn0m,0.0,0,0,0
insaintly96,39.0,0,0,1
wizzzurd,25.0,0,0,0
shadowtigerrr,14.0,0,0,0
bitspectre,4.0,0,0,0
felixsoum,5.0,0,0,0
roberto3ruiz,0.0,0,0,0
themastersmooth,-0.5,0,0,0
rabbit_xxxx,155.5,0,0,1
officialnugzzcrew,26.5,0,0,0
zalos__,25.5,0,0,0
natedoesx,2.0,0,0,0
noob_programmer_,1.0,0,0,0
marioflowrs,38.0,0,0,0
orientalarg,28.0,0,0,0
trilliumsmith,29.0,0,0,0
distracteddadd,250.0,0,0,0
neon_doubleu,3.0,0,0,0
blastoderm,2.0,0,0,0
zackb0ss,1.0,0,0,0
ronoaldopereira,4.0,0,0,0
nathir_kassam,21.0,0,0,0
andry_nunez,0.0,0,0,0
theraggi,18.0,0,0,0
ilynoobz,73.0,0,0,0
xxxcrazymikexxx,94.0,0,0,0
jordanchude,12.0,0,0,0
hackzor,68.0,0,0,0
truenemesisuk,4.0,0,0,0
quantkaran,14.0,0,0,0
jeririgg,2.0,0,0,0
jt_2410,2.0,0,0,0
metfest2024,2.0,0,0,0
cryssball,383.0,0,0,1
needjobcoder123,4.0,0,0,0
loading_personality,24.5,0,0,0
oscar_double007,0.0,0,0,0
7_l1f3,8.0,0,0,0
diidithecreator,5.5,0,0,0
awarahooon,19.0,0,0,0
fatihtkale,207.5,0,1,0
d1stortio,8.5,0,0,0
goodalexhunting,136.0,0,0,1
desati123,2.0,0,0,0
paperpatience,5.5,0,0,0
barbecuejames,95.0,0,1,0
juankamilo64k,1.0,0,0,0
yiffweed,2.0,0,0,0
ar_xlii,17.0,0,0,0
pededrozo,10.5,0,0,0
luxuryliah,3.0,0,0,0
barneyoftherubble,1.0,0,0,0
theidofalan,30.0,0,0,0
omer_usta,1.0,0,0,0
noteclip,11.5,0,0,0
trivenge,0.0,0,0,0
dravey82,40.5,0,1,0
wethepeople_usa,6.0,0,0,0
thecandace018,14.0,0,0,0
tiredkebab,6.0,0,0,0
alejandroflores404,2.0,0,0,0
da_da_da_da_me,0.0,0,0,0
da_zombiemann,3.5,0,0,0
viktorfreedom,16.0,0,0,1
amit_c9der,2.0,0,0,0
patchiebob,14.5,0,1,0
dotmrjosh,0.0,0,0,0
maweexy,69.5,0,0,0
dollabill_mcneal,13.5,0,0,0
zerkbtw,0.0,0,0,0
observerherb,0.0,0,0,0
psuedoo,0.0,0,0,0
lucsan28,7.0,0,0,0
pirate_mug,0.0,0,0,0
aerolyse,6.5,0,0,0
tanatsuko,6.0,0,0,0
cbtoday,2.0,0,0,0
grayhatter_,79.0,0,0,0
ciidmike,15.0,0,0,0
lilmonthlyfee,10.5,0,0,0
kyl01_,2.0,0,0,0
leathaface43,1.0,0,0,0
olbdblo,1.0,0,0,0
qqts,0.0,0,0,0
tismerp,102.0,0,0,0
azdarealest,3.0,0,0,0
miishell,41.5,0,0,0
koolholio,214.0,0,2,0
master_sn00ds,42.0,0,0,0
adelight777,4.0,0,0,0
isanelement,0.0,0,0,0
jaredwins08,0.0,0,0,0
antpowe11,430.0,0,2,4
ultrixx2,0.0,0,0,0
stoner_mama98,0.0,0,0,0
worstdoto,48.0,0,0,0
absolem,29.0,0,0,0
sirpeanutx,9.0,0,0,0
djropes,1.5,0,0,0
ray_playz05,1.0,0,0,0
ttvmafiaa,1.0,0,0,0
aiterminal,49.5,0,0,0
strangertits,12.5,0,0,0
odatnurd,31.0,0,0,0
casualcitydriver,4.0,0,0,0
fltmmo,14.0,0,0,0
standardpointer,2.0,0,0,0
saminflootwitch,2.0,0,0,0
rundarrichai,1.0,0,0,0
doudeman,0.0,0,0,0
ike_0zzy,0.0,0,0,0
axel669,3.0,0,0,0
jasmin68k,0.0,0,0,0
chromosundrift,54.5,0,0,0
dreadbreadcrumb,9.0,0,0,0
zyrophante,4.0,0,0,0
forbulas,3.0,0,0,0
viscount_tv,4.5,0,0,0
okimondai,9.0,0,0,0
atinfinity0,1.0,0,0,0
real_inaki_zabala,77.0,0,0,0
nerdyswag,13.0,0,0,1
mururoahh,1.0,0,0,0
twoffles,0.0,0,0,0
xsharawi,0.0,0,0,0
hufokkin_tonight,0.0,0,0,0
smittymcdoogal,0.0,0,0,0
badrekb,0.0,0,0,0
mot_hare,13.5,0,0,0
wampst,5.0,0,0,0
kysnek,4.0,0,0,0
doctorstrange,0.0,0,0,0
pixelstarry,0.5,0,0,0
texas2010,0.0,0,0,0
nzxlankymoose,24.0,0,0,0
woliver99,19.5,0,0,0
cwdov,11.0,0,0,0
xurs05,8.0,0,0,0
signthief,38.5,0,0,0
slidezstreams,174.5,0,1,2
robert_groves,13.0,0,0,0
aquafunkalisticbootywhap,0.0,0,0,0
krazylyrika,19.0,0,0,0
kobalt_strike,8.5,0,0,0
rafatabako,172.0,1,1,0
flicker_,7.0,0,0,0
cronozero15,16.0,0,0,0
strikeonbruhh,2.0,0,0,0
cl0ud1001,1.0,0,0,0
homesickpedantz,0.0,0,0,0
arinomi_plays,50.5,0,1,0
easy4ver,9.0,0,0,0
dal3ksec,9.0,0,0,0
yanis_thewanderer,1.0,0,0,0
inimino2,107.5,0,1,0
febzey1854,38.5,0,0,0
s3xypie,3.0,0,0,0
limontechnology,1.0,0,0,0
syntaxscholar,0.0,0,0,0
robcodeslive,10.0,0,0,0
melodicangie,6.0,0,0,0
xcoemp,0.0,0,0,0
micahtmusic,0.0,0,0,0
shockrizal,29.5,0,0,0
mrxtremely,86.5,0,1,0
msgem0523,5.5,0,0,0
zagan6,3.0,0,0,0
bigmaq2k,7.0,0,0,0
augustusfox,83.5,0,0,1
djwagner_gda,223.0,0,2,0
rockyb__,3.5,0,0,0
firstordefaults,14.5,0,0,0
vondeling,1.0,0,0,0
hansohai,80.0,0,0,0
cryseonuwu,25.5,0,0,1
polycarpangololo,0.0,0,0,0
mrcode9000,62.0,0,1,1
rebelboby,1.0,0,0,0
bililgoat,50.5,0,0,0
havacow,8.0,0,0,0
donhareta,3.0,0,0,0
itsmenoahpoli,3.0,0,0,0
philljac000,2.0,0,0,0
intrinza,2.0,0,0,0
brosive00,1.0,0,0,0
kheanurose,0.0,0,0,0
jack050700,32.5,0,0,1
devonzara,58.5,0,0,0
slaknoah,15.0,0,0,0
rogolax2,2.0,0,0,0
spongem,1.0,0,0,0
fathernate99,15.0,0,0,0
twistedga,7.0,0,0,0
drunkraccoons,2.0,0,0,0
intuicion,0.0,0,0,0
sritavangar,34.5,0,0,1
mattda9,38.5,0,0,1
codingthingsirl,7.5,0,0,0
ixnemoxi,2.0,0,0,0
shaqtal888,10.0,0,0,0
anonymously001,42.5,0,0,1
theoldsunn,14.0,0,0,0
b1mind,9.0,0,0,0
fr0zair,16.0,0,0,0
amuga__,14.0,0,0,0
br4hmm,1.0,0,0,0
dhx_stm,0.0,0,0,0
half_life_3_confirmed___,0.0,0,0,0
goatfacegames,18.5,0,0,0
dragonsrevenge1,182.5,1,0,1
introspectivesamurai,0.0,0,0,0
doclock17,196.5,1,0,0
ryanwinchester_,12.0,0,0,0
harvenius,37.0,0,0,0
chrisfh,3.0,0,0,0
msgem523,2.0,0,0,0
chuggingcoffee,2.0,0,0,0
core_gamin,7.0,0,0,0
ben_winnen,1.0,0,0,0
nisfornades,0.0,0,0,0
mcclear707,0.0,0,0,0
viiasc,0.0,0,0,0
drhedgefund,0.0,0,0,0
voxmonstra,0.0,0,0,0
empire1138,3.0,0,0,0
bengl__,191.0,0,0,2
hittaus,344.0,0,0,2
cdvillard,57.5,0,0,0
johnmon323,6.0,0,0,0
bloodiermatt,4.0,0,0,0
thisisoutofcontrol,3.0,0,0,0
mazakina,1.5,0,0,0
distantanswer,22.0,0,0,0
bob24morane,1.0,0,0,0
itachispaiin,1.0,0,0,0
cottonpapero,0.0,0,0,0
v0idmatr1x_,0.0,0,0,0
fluidicgoober,0.0,0,0,0
nvt_professor,0.0,0,0,0
blaximusiv,0.0,0,0,0
totalecl1ps3,7.0,1,0,0
mlew84,8.0,0,0,0
csinh,0.0,0,0,0
kxgkmatt,4.0,0,0,0
eyeohhs,27.0,0,0,0
comps4food,21.0,0,0,0
oxavibes,20.0,0,0,0
tenocci,15.0,0,0,0
toothpasting,5.5,0,0,0
metadevgirl,117.0,0,1,0
jafarsd_,95.0,0,0,0
standardrobot,44.0,0,0,0
ernest_d3v,3.0,0,0,0
jimpansee0,3.0,0,0,0
kinslay3r,1.0,0,0,0
zagelholzknecht,1.0,0,0,0
esternocleidoma,96.5,0,0,0
pikmingod,20.0,0,0,0
missscinerd,0.0,0,0,0
darkcode,120.5,0,1,0
earthbasetwo,50.0,0,0,1
mhuggins7278,13.0,0,0,0
feelingenjoy,25.5,0,0,0
cybercoster,4.0,0,0,0
alvidoodle,4.0,0,0,0
kombuchakode,1.0,0,0,0
soil_researcher,1.0,0,0,0
j_seashell,1.0,0,0,0
jfkreal,30.0,0,0,0
the_jr_dev,1.0,0,0,0
jeffbezosballs,1.0,0,0,0
lyricisdaddy,1.0,0,0,0
damnionos,0.0,0,0,0
itslechico,10.0,0,0,0
donthedeveloper,0.0,0,0,0
emrgaming96,0.0,0,0,0
mheetu,8.0,0,0,0
tryvanillajs,19.5,0,0,0
flyntwick,4.0,0,0,0
redston4d,33.0,0,0,1
oumoon,4.0,0,0,0
natedunn,0.0,0,0,0
rabbitw2,74.5,0,0,1
s0nwixa,-1.5,0,0,0
roninx38,48.0,0,0,0
foundboi42069170,6.0,0,0,0
veader714,56.0,0,0,0
9to5officeworker,2.0,0,0,0
cheaterred1,1.0,0,0,0
alexsohn,3.0,0,0,0
juancolon29,0.0,0,0,0
morecourageplease,15.0,0,0,0
goombastomp,13.5,0,0,0
quixxate,6.0,0,0,0
chubbak00d3,4.0,0,0,0
tinyturtle9877,3.0,0,0,0
ronaldreaganstrollaccount,26.0,0,0,0
few_bits,1.0,0,0,0
unchicoenlinux,0.0,0,0,0
true_neutral_f0x,0.0,0,0,0
tiredbeaver,0.0,0,0,0
owl337,15.0,0,0,0
c_in_outer_space,0.0,0,0,0
prizzom,22.0,0,0,0
jujocotv,13.0,0,0,0
madeleinepatience,90.0,0,0,0
machinemob,3.0,0,0,0
timeenjoyed,33.0,0,0,0
orangeknightoc,1.0,0,0,0
nbmatt,1.0,0,0,0
misterfriend,13.0,0,0,0
tabeman,6.0,0,0,0
thegreatrobert0,0.0,0,0,0
clefairiel,0.0,0,0,0
thatguyeddiee0311,0.0,0,0,0
chancedies,1.0,0,0,0
wrodrig0,0.0,0,0,0
meatheadau,12.0,0,0,0
gohaku__,9.0,0,0,0
glitchfood,17.0,0,0,0
captaincommerce,7.0,0,0,0
shaolincholo,3.0,0,0,0
stk_quantix,2.0,0,0,0
jamalthaboss,2.0,0,0,0
frododabbinzbbc,1.0,0,0,0
pylang,26.0,0,0,0
midnight_simon,8.0,0,0,0
bots_one,5.0,0,0,0
biewzy,1.0,0,0,0
guycothal,0.0,0,0,0
doubtttt,0.0,0,0,0
kragyss,0.0,0,0,0
slawcat,0.0,0,0,0
fallenlearns,0.0,0,0,0
jumpingphantom,-0.5,0,0,0
maccie_be,12.0,0,0,0
tycel04,5.0,0,0,0
relevantm4,4.0,0,0,0
obey_legend,3.0,0,0,0
denloginoff,3.0,0,0,0
naomieo,7.5,0,0,0
koderen,1.0,0,0,0
blackpandadev,1.0,0,0,0
dovydasal,1.0,0,0,0
techfren,1.0,0,0,0
shrimpforindianstreamers,1.0,0,0,0
adhdfounder,0.0,0,0,0
alixium_tw,0.0,0,0,0
crileiton,0.0,0,0,0
security_live,28.0,0,0,0
jammedlock,0.0,0,0,0
scufb,0.0,0,0,0
hylian_lord,0.0,0,0,0
danoweb,20.0,0,0,0
italiaphobian,25.0,0,0,0
jerhemyincognito,10.0,0,0,0
toppirl,8.5,0,0,0
elminson,7.0,0,0,0
farm_hand,6.0,0,0,0
blades_23,6.0,0,0,0
aryxst,3.5,0,0,0
gosu_teddy,2.0,0,0,0
phrackery,10.0,0,0,0
smeagol777,1.0,0,0,0
darthlunara,0.5,0,0,0
tomegee101,0.0,0,0,0
lysendertrades,0.0,0,0,0
drinkingmonkey100,0.0,0,0,0
lordbearhands,0.0,0,0,0
pursizzle,78.0,0,0,1
rayslash,21.0,0,0,0
jaolucas123,3.0,0,0,0
beebly_o,3.0,0,0,0
oldmansaturn,3.0,0,0,0
hawkzerr,30.0,0,0,0
dagoofsta,1.0,0,0,0
roccocodes,1.0,0,0,0
fluffymains,1.0,0,0,0
engineered_mind,0.0,0,0,0
tastypommeslul,22.0,0,0,0
omerxgashi,6.0,0,0,0
howichill,4.0,0,0,0
titanking5,2.0,0,0,0
shadowhunter9yu,1.0,0,0,0
livecoding,1.0,0,0,0
poseidonmagna,1.0,0,0,0
wattannajr,0.0,0,0,0
a51anbaby_,0.0,0,0,0
jeff_irwin,0.0,0,0,0
garotomuleque,0.0,0,0,0
keheni,89.5,0,0,1
timbeaudet,20.0,0,0,0
ding444,16.0,0,0,0
curtisj,8.0,0,0,0
firemonkey1289,6.0,0,0,0
defispartan,6.0,0,0,0
fuzzyworldyt,12.0,0,0,0
jean_jean,5.0,0,0,0
pizaariaaa,5.0,0,0,0
synbleed,18.0,0,0,0
penguindustin,18.0,0,0,0
seafilmz,33.0,0,0,0
ssjsoliddubz,12.5,0,0,0
ladybluenotes,7.0,0,0,0
gmknight77,1.0,0,0,0
thisusernamenotexist,1.0,0,0,0
prsnmike,0.0,0,0,0
wonfa,0.0,0,0,0
brianodell17777,0.0,0,0,0
yeye5_star,0.0,0,0,0
silicone_milk,4.0,0,0,0
federalsp,0.0,0,0,0
alandalice,30.5,0,0,0
dookitaco,0.0,0,0,0
david_king1992,0.0,0,0,0
mcxadventure,8.0,0,0,0
imlunahey,69.0,0,0,0
digitalwarhead,6.0,0,0,0
johncandlewick702,2.0,0,0,0
spimort,6.0,0,0,0
mariealamodes,15.0,0,0,0
micevepay2,46.5,0,1,0
peaceoutside,2.5,0,0,0
exiled42,6.0,0,0,0
elliott_troop,5.0,0,0,0
matissetec,50.0,0,1,0
dannyfritz,8.0,0,0,0
nixi_lab,6.0,0,0,0
gavinsawfulstream,6.0,0,0,0
slapxxi,3.0,0,0,0
articktoth,2.0,0,0,0
faffinaboot,74.5,0,0,0
emmmmis,1.0,0,0,0
arthvadrr,13.0,0,1,1
statelyfall,0.0,0,0,0
looknorook,0.0,0,0,0
schipthatcode,3.0,0,0,0
pcdsandwichman,0.0,0,0,0
fizzymimic,3.0,0,0,0
xxxsteve420noscopexxx,1.0,0,0,0
aanklebiter,69.0,0,0,1
charliosaurus,21.0,0,0,0
itsyoboichad,19.0,0,0,0
jojolteon,16.0,0,0,0
samuelaltman,8.0,0,0,0
kiryua_san,6.0,0,0,0
imjamjams,5.0,0,0,0
ad0ran,4.0,0,0,0
casherd41,4.0,0,0,0
wholelettere,2.0,0,0,0
imsuann,1.0,0,0,0
shananigansstudy,1.0,0,0,0
eighthundred_,1.0,0,0,0
blockablockavr,0.0,0,0,0
sleepyturtleame,0.0,0,0,0
ellyphant_island,0.0,0,0,0
motiion_gaming,0.0,0,0,0
restreambot,328.5,1,2,2
curryjr306,8.0,0,0,0
poopsied00dle,8.0,0,0,0
flexone612,7.0,0,0,0
morehouse_hacks,12.0,0,0,0
devscuffed,2.0,0,0,0
kano_steam,4.0,0,0,0
dustinsmithdevelopment,6.0,0,0,0
mobyscript,5.0,0,0,0
el_felos,1.0,0,0,0
igottheloops,0.0,0,0,0
xxmsg_mapsxx,0.0,0,0,0
m_s_c_s,47.0,0,0,0
aretidos,17.0,0,0,0
ttv_godless,4.5,0,0,0
juiceboxhero,4.0,0,0,0
guanacotutelareal,3.0,0,0,0
euler_lied,3.0,0,0,0
azcj5,1.5,0,0,0
xand3rco,1.0,0,0,0
artifact_digital,0.0,0,0,0
arthzuul,0.0,0,0,0
corralejofuert,0.0,0,0,0
ignasis,80.0,0,0,1
kentthomas251186,26.0,0,0,0
veyebe,52.0,0,1,0
senpaineedshentai,1.0,0,0,0
graham_613,68.0,0,0,1
ytdisplant,8.0,0,0,0
raveir,4.0,0,0,0
heavybob,2.0,0,0,0
nintendogb,1.0,0,0,0
uncleyeast666,1.0,0,0,0
cmonday1,17.5,0,0,0
johnewaffles,47.5,0,0,0
jackaida,0.0,0,0,0
auvitly,0.0,0,0,0
azverov,39.0,1,0,0
friendlymochii,8.0,0,0,1
gaudipern,3.0,0,0,0
goodby3_,0.0,0,0,0
0xplantdaddy,7.0,0,0,0
bogskull,3.0,0,0,0
watchherfocus,3.0,0,0,0
tbossles,2.0,0,0,0
amethystgarn,0.0,0,0,0
mr_swez,5.0,0,0,0
appitoriadev,-0.5,0,0,0
tr1butedev,14.0,0,0,0
crayoncrayoff,5.0,0,0,0
thesyd19,3.0,0,0,0
gl1tchb0t404,3.0,0,0,0
astaroth_well,1.0,0,0,0
freedomdao,31.0,0,0,1
drunktimelord,0.0,0,0,0
strager,18.5,0,0,0
jamesvall8,5.5,0,0,0
mrsteezymcsteez,4.0,0,0,0
mrsirius1,0.0,0,0,0
h_y_p_e_r,0.0,0,0,0
n17m,0.0,0,0,0
me_am_stinky,740.0,1,1,4
crazymech,12.0,0,0,0
theunwisegeek,171.0,1,0,0
ohcakes,1.0,0,0,0
cptchika,1.0,0,0,0
virtualstorm24,0.0,0,0,0
tech_shine,0.0,0,0,0
shadeeleven,50.0,0,0,0
jimfyyc,6.0,0,0,0
octaelliptical,5.0,0,0,0
mardaws,2.0,0,0,0
fazers2025,284.0,0,3,0
joker_2014,1.0,0,0,0
dandido898,1.0,0,0,0
wapaca,1.0,0,0,0
nashvillelou,1.0,0,0,0
devusi,35.0,0,0,0
keeroll,0.0,0,0,0
whiperdor,0.0,0,0,0
brayancomb,0.0,0,0,0
dundee0313,0.0,0,0,0
tanmaykadlag,0.0,0,0,0
zipyjr,0.0,0,0,0
iamagdgod,0.0,0,0,0
yborealis,0.0,0,0,0
reffaneo123456,4.0,0,0,0
thetruearachna,0.0,0,0,0
cog3d,0.0,0,0,0
obitruc,0.0,0,0,0
mine_eternal,0.0,0,0,0
asteroideater311,0.0,0,0,0
t_d____,44.5,0,0,0
rawoke083,0.0,0,0,0
ambivalentbunnie,4.0,0,0,0
pugiee5gx,0.0,0,0,0
uuayn,12.0,0,0,0
elitestomper,30.5,0,0,0
davibez_xd,11.0,0,0,0
whooshtv,4.0,0,0,0
zaerff5,3.5,0,0,0
bluepinstudio,2.0,0,0,0
haweetthe1st,2.0,0,0,0
toulousegg,1.0,0,0,0
binary_64,1.0,0,0,0
meugleee,0.0,0,0,0
seawashere,2.0,0,0,0
eternalorbits,21.0,0,0,0
stunningsophia,32.0,0,0,0
commandolando937,15.0,0,0,0
muthuvishal,11.0,0,0,0
smolblockboi,6.0,0,0,0
hpnnn,7.0,0,0,0
gelidium_,0.5,0,0,0
hiddenid11,0.0,0,0,0
teak_rosewood,0.0,0,0,0
wayzqc,0.0,0,0,0
fizzifytwitch,0.0,0,0,0
hexafex_one,0.0,0,0,0
prodbycircuitcrusher,16.5,0,0,1
lovepengy,25.0,0,0,0
loordsant,4.0,0,0,0
superstayup,37.0,0,0,0
dewaldsch,2.0,0,0,0
justinsix,188.0,0,0,1
coltonje95,52.0,0,0,0
yok_edicitor,35.0,0,0,0
warner,27.0,0,0,0
tynk_m_,7.5,0,0,0
foehammer127,7.5,0,0,0
scottyd0,6.0,0,0,0
eureka_cpu,6.0,0,0,0
siackmason,3.0,0,0,0
bionic_toothpick,2.0,0,0,0
korewalidesu,2.0,0,0,0
the_ironshark,2.0,0,0,0
help_buddy,2.0,0,0,0
planet_bluto,2.0,0,0,0
deckardpi,1.0,0,0,0
goproslowyo,9.0,0,0,0
nocsi_,0.0,0,0,0
katlyranna,6.0,0,0,0
slicernorthd,14.0,0,0,0
f0x2222,14.0,0,0,0
dave_h_,6.0,0,0,0
beetlegb,5.0,0,0,0
ubermammal,4.0,0,0,0
kraftkar,3.0,0,0,0
teg0ra,9.5,0,0,0
walaber,1.0,0,0,0
medgard,1.0,0,0,0
devrogerinho,1.0,0,0,0
degradilla,0.0,0,0,0
itsred_ink,0.0,0,0,0
splitatplayhead,0.0,0,0,0
wolfgang_blitzz,0.0,0,0,0
shacaaaa,10.0,0,0,0
marmansully,4.0,0,0,0
trunk_2829,3.0,0,0,0
yegnaro,3.0,0,0,0
heyyotommy,1.0,0,0,0
talkmidnight,0.0,0,0,0
autotf,2.0,0,0,0
nextgen_24,0.0,0,0,0
b7h30,1.0,0,0,0
norikittea,0.0,0,0,0
andres_mpr,8.0,0,0,0
dokaf84,4.0,0,0,0
danger_mustard,2.0,0,0,0
marcdesharc,1.0,0,0,0
ikronikheed,1.0,0,0,0
javithe4,0.0,0,0,0
ezman0s,33.5,0,0,1
ibleedtechnicolor,22.5,0,0,0
nixfleyks,9.0,0,0,0
myhihi1,6.0,0,0,0
n0fac394,24.0,0,0,0
qcky_,1.0,0,0,0
angrymooseontheloose,2.0,0,0,0
irishredales,0.0,0,0,0
lou1sxlitt,8.0,0,0,0
arhantalwar,0.0,0,0,0
chutzpah_,2.0,0,0,0
narutofromdbz,0.0,0,0,0
twitch,0.0,0,0,0
gh0stbrain,13.0,0,0,0
hungrybeardev,8.0,0,0,0
chamorky,1.0,0,0,0
glowi_e,17.0,0,1,0
literallymyname,6.0,0,0,0
flatworm,4.0,0,0,0
eldin00,3.0,0,0,0
chewypy,1.0,0,0,0
barrwani,0.0,0,0,0
lukezjepc,0.0,0,0,0
ehnatasha,41.0,0,1,0
pranav2634,8.0,0,0,0
baldurvanmotten,3.0,0,0,0
onestatisticstudent,1.0,0,0,0
chugwagon,0.0,0,0,0
syngonia,0.0,0,0,0
zobek_san,5.0,0,0,0
metallicaerox,0.0,0,0,0
ticticboooom,2.0,0,0,0
orblish,1.0,0,0,0
pressuresup,1.5,1,0,0
timaidev,0.0,0,0,0
kailondo,142.0,0,1,2
aidschangedmylife,8.0,0,0,0
eskeminha,5.0,0,0,0
flexluthordev,24.0,0,0,0
goodvibesdevelops,17.5,0,0,0
10x_developer,2.0,0,0,0
dotblank0,5.0,0,0,0
koancodes,2.0,0,0,0
p4nchhh,1.0,0,0,0
angellcakee,4.0,0,0,0
poptart_army101,0.0,0,0,0
sniferl4bs,0.0,0,0,0
cleverunusedname,0.0,0,0,0
icedk0ffee,14.0,0,0,0
apitoriadev,27.0,0,0,0
goobstoppers,8.5,0,0,0
krrsplat,28.0,0,1,0
focuspi,4.0,0,0,0
tosseman,3.0,0,0,0
russeby,4.0,0,0,0
franklygamer29,7.0,0,0,0
merdione,0.0,0,0,0
aaronkantrowitz,5.0,0,0,0
zak1600,4.0,0,0,0
bendevelops64,3.0,0,0,0
muhnine,0.5,0,0,0
akirathedev,0.0,0,0,0
shamb1es_,116.0,0,1,0
codefork,13.0,0,0,0
shrivatsa27,3.0,0,0,0
cmd_dev,1.0,0,0,0
dezz,2.0,0,0,0
pistolshrimpfps,0.0,0,0,0
beyondhereliesnothing,1.0,0,0,0
realsalties,0.0,0,0,0
abdiths,38.5,1,0,0
stewsquared,28.5,0,1,0
mr_sakarabru,27.5,0,0,0
angelus1105,8.5,0,0,0
sasquatchdevs,0.0,0,0,0
denszer92,125.5,0,1,1
aelwynlol,0.0,0,0,0
simulshift,12.0,0,0,0
adidadaddy,11.0,0,0,0
a_small_moose,8.0,0,0,0
ryanwinchestertv,38.0,0,0,0
dermainejawson,3.0,0,0,0
jormunduur,67.5,0,0,0
xewl,2.0,0,0,0
applyfiretoburn,0.0,0,0,0
volmancer,12.0,0,0,0
mdsoul,25.0,0,0,0
miracle_2114,5.0,0,0,0
o_maromaro_o,2.0,0,0,0
robodom711,694.0,1,6,2
trueset72,27.5,0,0,0
ouncicuck,8.0,0,0,0
bigbrain200iq,6.0,0,0,0
salucv6,1.0,0,0,0
noirpi,1.0,0,0,0
therealmkb,0.5,0,0,0
cbear495,5.0,0,0,0
vesteban,31.0,0,0,0
00waren00,12.5,0,0,0
sheik2109,6.0,0,0,0
lycrios_auld,3.0,0,0,0
techsavvytravvy,63.5,0,0,0
adivorcedfork,1.0,0,0,0
dcraidboss,1.0,0,0,0
erkeeps,11.0,0,0,0
meltedz_toast,0.0,0,0,0
saxygirl1,0.0,0,0,0
desiere,18.0,0,0,0
chatt___,3.0,0,0,0
leevem3bee,3.0,0,0,0
watchingfromwork,2.0,0,0,0
mao3z,12.0,0,0,0
lemsil,23.0,0,0,0
azryde,1.0,0,0,0
chocomlk1,1.0,0,0,0
shenirio,0.0,0,0,0
kerm8thefrog,0.0,0,0,0
captain_stupid,156.5,1,0,1
radmatt1337,13.0,0,1,0
softtacoraider,14.5,0,0,0
47r9qyrt87,6.0,0,0,0
orographiclouds,6.0,0,0,0
aeomech,2.0,0,0,0
denalivsthedragons,0.0,0,0,0
slurpcrafty,537.0,1,4,2
vanashepanda,14.0,0,0,0
yourroyaldouche,8.0,0,0,0
notoriousflipflop,37.0,0,0,1
mysticharry_,1.0,0,0,0
the_nadir,1.0,0,0,0
shadow_frost17,0.0,0,0,0
kittycatsarethebest,34.5,0,0,0
cruveaa,31.0,0,0,0
itsomatic,19.0,0,0,0
vvsfountain,18.0,0,0,0
andrewdigital,8.5,0,0,0
panksea06,7.0,0,0,0
albertafifa,3.0,0,0,0
wolftownn,3.0,0,0,0
zullwar,2.0,0,0,0
beeoproblem,1.5,0,0,0
spinzza,3.0,0,0,0
geldmagier,3.0,0,0,0
0hioisntreal,50.0,0,0,0
wintercoding,0.0,0,0,0
alsoux,0.0,0,0,0
someginger_kid,9.0,0,0,0
tio_marty,1.0,0,0,0
tuna_omelette,102.0,0,0,0
denbsy,42.5,0,1,0
badcop_,8.0,0,0,0
metamyth,3.0,0,0,0
im_valorant,2.0,0,0,0
acosmic,2.0,0,0,0
probablyembed,1.0,0,0,0
feydeve,1.0,0,0,0
bicknosa,1.0,0,0,0
tininiw09,0.0,0,0,0
sending_grounds,4.0,0,0,0
flavor_ttv,2.0,0,0,0
black_sage_,5.0,0,0,0
slayerovec,1.0,0,0,0
brunofrohlich,1.0,0,0,0
nope_nack,10.0,0,0,0
nopenack,6.0,0,0,0
iivla,0.0,0,0,0
astrodynamicz,6.5,0,0,0
golddiggerlul,11.0,0,0,0
typhus260,9.0,0,0,0
mp4matted,5.0,0,0,0
motivatematt,7.5,0,0,0
vinci__g,1.0,0,0,0
queenayanna,0.5,0,0,0
louddddx,0.0,0,0,0
ak_004,0.0,0,0,0
skywalk1411,3.0,0,0,0
justinmusti,3.0,0,0,0
codoubleu,15.0,0,0,0
eskinder__,0.0,0,0,0
harverator,30.0,0,0,0
thepywon,15.0,0,0,0
jimmymc3ride,1.0,0,0,0
nujank_,0.0,0,0,0
everx80,26.0,0,0,0
auttcast,6.5,0,0,0
lordofthedreamss,6.0,0,0,0
vikingane1,4.0,0,0,0
kramsilverbridge,2.0,0,0,0
tito1010101,2.0,0,0,0
argue__,2.0,0,0,0
chendler_,2.0,0,0,0
proton_fig,2.0,0,0,0
therealgecika,2.0,0,0,0
jocourian,1.0,0,0,0
studywithdoc,1.0,0,0,0
texoport,1.0,0,0,0
mnbjhu,2.0,0,0,0
zuuupie,0.0,0,0,0
brainles,0.0,0,0,0
atompub,-1.5,0,0,0
woodywood117,110.0,0,0,2
auvena135,5.0,0,0,0
programwithpatrick,1.0,0,0,0
colten45,7.0,0,0,0
tydorz,0.0,0,0,0
codetestcode,0.0,0,0,0
bintondev,8.0,0,0,0
parklandhigh,6.0,0,0,0
computingwizard,5.5,0,0,0
sleepysonata,3.0,0,0,0
ryanpython,3.0,0,0,0
riskypoi,2.0,0,0,0
diegoy2j0,2.0,0,0,0
bonfireq,1.0,0,0,0
mezmiro2040,1.0,0,0,0
keraion,1.0,0,0,0
coffeekun97,0.0,0,0,0
dumbe01,0.0,0,0,0
xxzeroflamexx,0.0,0,0,0
ur_yoa,0.0,0,0,0
lonusu,0.0,0,0,0
nilandude,4.0,0,0,0
marxmaster,0.0,0,0,0
pitifulpenguin7,-0.5,0,0,0
kptnj,-0.5,0,0,0
medallionstallion_,25.0,0,0,0
athrilian,0.0,0,0,0
monsieur_americana,0.0,0,0,0
justautumn,0.0,0,0,0
convergent_sequence,6.0,0,0,0
kindredgames,5.0,0,0,0
eigenvector101,80.5,0,0,1
clobietv,25.5,0,0,0
republicahajdu,3.0,0,0,0
upsideyonder,2.0,0,0,0
mke52,2.0,0,0,0
elfrandeveloper,2.0,0,0,0
leonhardeuler23,22.0,0,0,0
ryan_the_rhg,0.0,0,0,0
codemattxor,133.0,0,1,0
cushun_,0.0,0,0,0
blogos47,1.0,0,0,0
youropinionistrash,0.0,0,0,0
neo_socratic,100.0,1,0,0
weirdbearddev,4.5,0,0,0
itachifam,3.0,0,0,0
sleepymushroom1906,20.0,0,0,0
warbrowar,21.0,0,0,0
skyefnee,17.0,0,0,0
amadeoxh,13.0,0,0,0
jjvmr,4.0,0,0,0
optix212,13.5,0,0,0
cnrbrev,3.0,0,0,0
k1ng440,3.0,0,0,0
dextxed,2.0,0,0,0
glotgeekio,1.0,0,0,0
kukukruku,0.0,0,0,0
cyberburn2021,7.0,0,0,0
sicks666_,0.0,0,0,0
rickysanta1,0.0,0,0,0
gsoutz,19.0,0,0,0
ssjsss,0.0,0,0,0
oridont,22.0,1,0,0
hitsquadfn,16.0,0,1,0
maxgoe892,1.0,0,0,0
hazeldream_1,0.0,0,0,0
torrento3006,0.0,0,0,0
berkaymacci,13.0,0,0,0
bonerpulll,9.5,0,0,0
omgizgozilla,8.0,0,0,0
awesume1,3.0,0,0,0
deonizm,2.0,0,0,0
pj_pjp,2.0,0,0,0
bamstradamus,1.0,0,0,0
beardage,16.0,0,0,0
dr_moto,56.5,0,0,1
krassenstein,7.0,0,0,0
cpjr818,7.0,0,0,0
seaninretro,11.0,0,0,0
aria_adm,34.0,0,0,0
fededevprograming,3.0,0,0,0
yato,2.0,0,0,0
wasabi_cheetah,1.5,0,0,0
domescoppe,1.0,0,0,0
nerd_and_iron,1.0,0,0,0
brainlesssociety,0.0,0,0,0
metaloporfirina,0.0,0,0,0
caitrose92,0.0,0,0,0
dontbashash,0.0,0,0,0
anzuath,0.0,0,0,0
reboottech,0.0,0,0,0
adamcyounis,0.0,0,0,0
lolboy_30,0.0,0,0,0
spry_sloth,21.5,0,0,1
olavostauros,20.0,0,0,0
magny0704,7.0,0,0,0
mrapothic,6.0,0,0,0
flask,5.0,0,0,0
theraininarizona,3.0,0,0,0
miniharu11,3.0,0,0,0
wolfsinper101,2.0,0,0,0
shaynehmad,2.0,0,0,0
helloimkalin,2.0,0,0,0
dosssmo,0.0,0,0,0
milinddethe,0.0,0,0,0
dan_code,0.0,0,0,0
mrxfan,0.0,0,0,0
lukedotpy,2.0,0,0,0
kant0146,0.0,0,0,0
skr_j,0.0,0,0,0
immrd,191.0,1,0,0
codingwithstrangers,803.0,3,4,3
thestrangest_bot,91.0,0,0,0
sadika0612,17.0,0,0,0
pitulo_azm,13.0,0,0,0
scottstotts,12.0,0,0,0
strombad06,10.0,0,0,0
guel_codes,9.5,0,0,0
furyandrage,9.0,0,0,0
arronttv,7.0,0,0,0
nickybhobbying,6.0,0,0,0
lintzer_cookie,5.0,0,0,0
bigmac1347,4.0,0,0,0
yuki_duki,3.5,0,0,0
crazycattxo,3.0,0,0,0
shureiny,3.0,0,0,0
jamonholmgren,2.0,0,0,0
swankypants3hunna,2.0,0,0,0
lyzurly,2.0,0,0,0
hi_n3rd,1.0,0,0,0
captainwetx,1.0,0,0,0
moofasa_jr,0.0,0,0,0
valkeryias,8.0,0,0,0
headpatter_,0.0,0,0,0
aemcabrera,0.0,0,0,0
letsplayasound,61.0,0,0,0
robinspi,42.0,0,0,0
squaredmo,10.0,0,0,0
infaurora,8.0,0,0,0
smoosejuice,4.0,0,0,0
parzerito,4.0,0,0,0
red3tango,0.0,0,0,0
boredspaces,0.0,0,0,0
streamlabs,26.0,0,0,0
tako_sauce,0.0,0,0,0
kroucher,2.0,0,0,0
billdagreay,2.0,0,0,0
soyproteinelixir,1.0,0,0,0
turing_moon_yatch,0.0,0,0,0
marataya77,0.0,0,0,0
boofertjustice,60.5,0,0,1
d0ctorfree,3.0,0,0,0
modulo87,3.0,0,0,0
ched_dev,17.0,0,0,0
nullptrexc,10.0,0,0,0
gariicpaper,1.0,0,0,0
emcassi,0.0,0,0,0
basileus__,0.0,0,0,0
bomatech,0.0,0,0,0
oxxzzy__,20.0,0,0,0
queenisabella500,18.0,0,0,0
eveningtap,13.0,0,0,0
armandocodecr,3.0,0,0,0
redbeardjunior,1.0,0,0,0
allkobs,0.0,0,0,0
layzielucas,0.0,0,0,0
marshalbane,0.0,0,0,0
dhardysd,0.0,0,0,0
georgecr88,0.0,0,0,0
soulxburn,22.0,0,0,0
hiddenchattingowl,89.0,0,0,1
johan_dupl,5.5,0,0,0
afrosenpai,3.0,0,0,0
wifiroach,1.0,0,0,0
robohiddenowl,0.0,0,0,0
yakinz__,8.0,0,0,0
square_soft_,0.0,0,0,0
nema_vk,24.0,0,0,0
jgamesonadaily,5.0,0,0,0
jukettaja,5.0,0,0,0
statsndata,3.0,0,0,0
het_tanis,1.0,0,0,0
vancluever,1.0,0,0,0
malkroe26,0.0,0,0,0
chainzbear,464.0,3,2,0
ctrlbyte,0.0,0,0,0
bestdevcodeur,0.0,0,0,0
cursedbuddy,2.0,0,0,0
sherkyy,0.0,0,0,0
010011000100111101101100,-1.5,0,0,0
reversedcc,52.0,0,1,0
mochaite,9.0,0,0,0
starchia13,12.0,0,0,0
wolfred1010,5.0,0,0,0
codemintlatte,1.0,0,0,0
phantomon,303.5,1,1,0
knowbuddynose_80085,25.0,0,0,0
defcon201live,0.0,0,0,0
fidokingofthesea,0.0,0,0,0
iandouglas736,1.0,0,0,0
molemoosetv,0.0,0,0,0
nafsat23,6.0,0,0,0
tinkeringabout3,5.0,0,0,0
woodbinez,3.0,0,0,0
nozge_,3.0,0,0,0
hayucu,0.0,0,0,0
staccato_dorado,0.0,0,0,0
rauchuu,0.0,0,0,0
john8401,32.5,0,0,0
corfliss,6.0,0,0,0
frostern1216,3.0,0,0,0
progabber1,2.0,0,0,0
sirre_t,1.0,0,0,0
purplepurrpurrin,1.0,0,0,0
bobeethan,0.0,0,0,0
g00b_g00b,26.0,0,1,0
lividli4m,8.0,0,0,0
codespent,7.0,0,0,0
dollardojo,7.0,0,0,0
dudedude_1,2.0,0,0,0
occidentprone,1.5,0,0,0
shwartzkopf,15.0,0,0,0
unpuppyable,18.0,0,0,1
johnnyrushgaming,3.0,0,0,0
dragonspirit_games,24.5,0,0,0
pancheke,12.0,0,0,0
uwuskomp,52.0,0,0,0
kwright086,6.0,0,0,0
barzenoki,6.0,0,0,0
kyza_2k,5.0,0,0,0
tommyyuh,4.0,0,0,0
kevinbarrutia,3.0,0,0,0
mackinonit,3.0,0,0,0
jakecreatesstuff,3.0,0,0,0
jayden201210,2.0,0,0,0
decimal_,2.0,0,0,0
goode_cheeseburgers,2.0,0,0,0
magicaros,9.0,0,0,0
marcelo_trajano,1.0,0,0,0
ironjaoo,1.0,0,0,0
psjjonathan,1.0,0,0,0
misskoffein,1.0,0,0,0
jgoon,0.0,0,0,0
sadisticboar,0.0,0,0,0
deyloop,0.0,0,0,0
frying_slipper,0.0,0,0,0
stepanskill,0.0,0,0,0
napevation,-1.5,0,0,0
flap000,27.0,0,0,0
mrpurplepenguin_1,8.0,0,0,0
rumduck1st,29.5,0,1,0
rogerz00,2.0,0,0,0
thefakebnzxd,9.0,0,0,0
goated_musk_capitalism,0.0,0,0,0
deafcode,0.0,0,0,0
meastblue,9.0,0,0,0
legacyamv,1.0,0,0,0
francorner,0.0,0,0,0
lownslow187,0.0,0,0,0
thelawge,7.0,0,0,0
bbeckca,4.0,0,0,0
xciter42,3.0,0,0,0
xxzabouromkxx,0.0,0,0,0
hantak07,45.5,0,0,0
namanzzz1,0.0,0,0,0
fyro,22.5,0,0,0
raimanii,1.0,0,0,0
lemnean,27.0,0,0,0
dydevx,30.0,0,0,0
marcfoto,0.0,0,0,0
jakylgamer,-1.5,0,0,0
jokermanxxx,10.0,0,0,0
cheicking14,8.0,0,0,0
fededarkor,8.0,0,0,0
kikisgamingservice,5.0,0,0,0
30andjuststartedchess,3.0,0,0,0
shaamelo,2.0,0,0,0
buffedddddude,2.0,0,0,0
allissonaraujo,1.0,0,0,0
thatneatcoder,0.0,0,0,0
q_ultimas,0.0,0,0,0
distraughtcre,0.0,0,0,0
osoyoguiiz,0.0,0,0,0
jamarbo_twch,0.0,0,0,0
seltzius,0.0,0,0,0
rexynator0803,12.0,0,1,0
jotgatech,7.0,0,0,1
xtremeair21,3.0,0,0,0
notflawffles,0.0,0,0,0
5vikingsfan,0.0,0,0,0
hobotutor,220.5,1,0,1
h0tc4k3z,13.0,0,0,0
chop_coder,11.0,0,0,0
chriscappella,101.5,0,1,0
safariminer,2.5,0,0,0
spaderdabomb,1.0,0,0,0
mcneelyad,1.0,0,0,0
iamkatitstrue,2.0,0,0,0
jarjar45070,0.0,0,0,0
sb1776,0.0,0,0,0
ellietheyeen,0.0,0,0,0
codezoneofficial,0.0,0,0,0
davidtrsh,62.0,1,0,0
shadowless_dev,105.0,0,0,0
root_afro,6.0,0,0,0
model533,4.0,0,0,0
nexunaut,59.5,0,0,0
lulcasalves,2.0,0,0,0
timtimay415,1.0,0,0,0
naagynjr,0.0,0,0,0
dummiiie,0.0,0,0,0
andrewsovetkin,0.0,0,0,0
lyndi_the_cryptid_panther,8.0,0,0,0
rxhackk,2.0,0,0,0
tradingaid,2.0,0,0,0
mecm5,22.0,0,0,0
fragmasterbre,0.0,0,0,0
lucifermorninstar_666,18.0,0,0,0
mayberat,8.0,0,0,0
friendmaster2000,4.0,0,0,0
anyonecancode,83.0,0,0,0
violatedsine,1.0,0,0,0
ssinekkk,1.0,0,0,0
thecodingcat14,1.0,0,0,0
rjjade,1.0,0,0,0
tz1n,0.0,0,0,0
blueeetv,41.5,0,0,1
adrinohehehe,21.5,0,0,0
4_geming,13.0,0,0,0
cad_raccoon,14.5,0,0,0
jubilant_jamz,8.0,0,0,0
rvcasdev,7.0,0,0,0
opti_21,4.0,0,0,0
shamift,4.0,0,0,0
kyoshi_ne,4.0,0,0,0
orangeshard,3.0,0,0,0
zamlond,3.0,0,0,0
generalprof,2.5,0,0,0
bentelinside,2.0,0,0,0
darkrunner3,2.0,0,0,0
robcode123,2.0,0,0,0
theprimeagen,2.0,0,0,0
freshboywill,2.0,0,0,0
luna_dollardojo,1.0,0,0,0
brandonbb2323,1.0,0,0,0
lotuspixiee,1.0,0,0,0
topcacti,1.0,0,0,0
santiqwerty95,1.0,0,0,0
jpbillings,0.0,0,0,0
szebang,0.0,0,0,0
dansong,0.0,0,0,0
piratesoftware,0.0,0,0,0
tasteless_otter,0.0,0,0,0
easyfun0,0.0,0,0,0
gebuzz,0.0,0,0,0
natitime,0.0,0,0,0
angryvadik,0.0,0,0,0
k4ruz0,0.0,0,0,0
solo_grind_,0.0,0,0,0
its_vitaliy,0.0,0,0,0
x_bm7_x,4.0,0,0,0
solidusad,2.0,0,0,0
avaavarai,32.0,0,0,0
cyberagreste2936,0.0,0,0,0
ctrl__alt,10.5,0,0,0
mr_rark,4.0,0,0,0
infidel_26,2.0,0,0,0
lillybyte,2.0,0,0,0
melodicmayday,1.0,0,0,0
jakester3535,1.0,0,0,0
plnrnd,1.0,0,0,0
solidussun_,686.0,2,1,3
caddac_,273.5,0,2,1
mikewhatwhere,0.0,0,0,0
silven224,0.0,0,0,0
morushana,0.0,0,0,0
need_job_coder,7.0,0,0,0
kaijuirl,9.0,0,0,0
jddoesdev,68.0,0,0,0
parkourninjakitty,4.0,0,0,0
lordtocs,8.0,0,0,0
xproof_,2.0,0,0,0
itslordcosmic,1.0,0,0,0
clarkdenn,1.0,0,0,0
andy33k,0.0,0,0,0
blank01j,0.0,0,0,0
bgzva,6.0,0,0,0
bholmesdev,8.0,0,0,0
zuyurk,1.0,0,0,0
arnaved,1.0,0,0,0
xenoz31,0.0,0,0,0
pedrosorio,0.0,0,0,0
madokashinren,12.0,0,0,0
daverinoe,2.0,0,0,0
xenovyy,1.5,0,0,0
iamdejour,1.0,0,0,0
the_hwykat,0.0,0,0,0
redstonpro3,55.0,0,0,2
0pingjohnnyboy,1.0,0,0,0
milamori_games,8.0,0,0,0
ricardoescobar,1.0,0,0,0
nikolarhristov,0.0,0,0,0
noita,63.0,0,0,1
realvinnyblessfgc,189.5,1,1,0
ino_moth,7.0,0,0,0
anonagon,3.0,0,0,0
shauniop,30.0,0,0,0
cathelper76,27.5,0,0,0
mrmetabytes,27.5,0,0,0
opinfluencer,6.0,0,0,0
qrucials,5.5,0,0,0
mila_morigames,35.5,0,0,0
thepandaaperson,2.0,0,0,0
jonisbon,1.0,0,0,0
blanns,0.0,0,0,0
asaw__,0.0,0,0,0
kitteeh___,0.0,0,0,0
nftgdevs,0.0,0,0,0
nadav_hekselman,0.0,0,0,0
mr_monk_here,0.0,0,0,0
neonrezin,16.5,0,0,0
undeclaredx,9.0,0,0,0
pharaonicdev_2,7.0,0,0,0
suberper,3.0,0,0,0
riggmo,2.5,0,0,0
light1ngdrag0n,1.0,0,0,0
joaquin_02345,1.0,0,0,0
ichocomlk,76.5,1,0,0
plasmabooom,6.0,0,0,0
coroclash,0.0,0,0,0
if_u_got_time,0.0,0,0,0
atrionx,0.0,0,0,0
ashishvk1234,5.0,0,0,0
creadyte,5.0,0,0,0
finalapolo18,4.0,0,0,0
connorwrightkappa,2.0,0,0,0
djmolehill,2.0,0,0,0
rollingthun,2.0,0,0,0
itstoxicqt,1.0,0,0,0
iv4nhoe,1.0,0,0,0
unrealapprentice,1.0,0,0,0
emceemc2,1.0,0,0,0
thechaoslab,1.0,0,0,0
hiimalvi,0.0,0,0,0
anshulxyz,0.0,0,0,0
madthad91,3.0,0,0,0
120a00,0.0,0,0,0
ryanpikachu,0.0,0,0,0
jalopyjones,0.0,0,0,0
shapulin,0.0,0,0,0
koalamagoo,133.5,1,0,0
cosplayzine,73.0,0,1,0
bananscode,12.0,0,0,0
xchaoticrage,6.0,0,0,0
isihogo,116.0,1,0,2
rangermango0,2.0,0,0,0
muigorick,1.0,0,0,0
direktexe,10.0,0,0,0
jimnews,1.0,0,0,0
la_wendy__,0.0,0,0,0
coder160,37.5,0,0,0
guildcheeto,11.0,0,0,0
cmcski123,5.0,0,0,0
memres,4.0,0,0,0
fesskidd426,3.0,0,0,0
aleevu,2.0,0,0,0
biscottiv,1.0,0,0,0
somrandomgywithoutmustash,1.0,0,0,0
salads_,1.0,0,0,0
moonbazmarti,1.0,0,0,0
azurexiii,0.0,0,0,0
mr_x_guardian,0.0,0,0,0
ryucrypt,0.0,0,0,0
xwavess,0.0,0,0,0
jaspws,0.0,0,0,0
mueezjh,0.0,0,0,0
silentwarrior_600,0.0,0,0,0
heirjordan5,12.0,0,0,0
alkelaun,3.0,0,0,0
camrenclayton,0.0,0,0,0
galaxiusgpt,0.0,0,0,0
thewanderingcowgirl,0.0,0,0,0
wardere,0.0,0,0,0
thezayofzays,0.0,0,0,0
itzsylex,42.5,0,1,0
holaholawedemboys,290.5,0,1,3
nachosncheese_,28.5,0,0,0
techlifemore,16.0,0,0,0
oily_penguinz,9.0,0,0,0
kenrick_codes,2.0,0,0,0
yellonoo,59.5,0,0,2
littlechungus23,0.0,0,0,0
crunchykraut,254.5,5,0,0
lilcoiin,7.0,0,0,0
techandfood,5.0,0,0,0
alonerwolf,3.5,0,0,0
cchellyrose,2.0,0,0,0
nicoparedes05,58.5,0,0,0
hensle93,31.5,0,0,1
xtcfn,12.5,0,0,0
therealkroden,2.0,0,0,0
yougointojailnow,2.0,0,0,0
moonpiedumplings,1.0,0,0,0
symon_redd,1.0,0,0,0
gohscorbunny,1.0,0,0,0
weakpotatoclone,0.0,0,0,0
stoney_eagle,0.0,0,0,0
mummarolf,0.0,0,0,0
boudarbiss,0.0,0,0,0
mochijlin,0.0,0,0,0
chrispnugget,0.0,0,0,0
israelparra_2002,0.0,0,0,0
takshakisodd,0.0,0,0,0
vivax3794,1.0,0,0,0
whateverworksssss,14.0,0,0,0
xavyboyy,46.0,0,0,0
posixfy,4.5,0,0,0
idizzy0,3.0,0,0,0
kotorcats,2.0,0,0,0
lordphrozen,2.0,0,0,0
lunadelotto,4.0,0,0,0
oakspirit,1.0,0,0,0
player_unknown4058,0.0,0,0,0
roselandsolblackguy,0.0,0,0,0
muhammedikbalyildiz1,0.0,0,0,0
thewizardofgwendolyn,167.0,0,0,2
graviddd,15.5,0,0,0
tushant_verma,9.0,0,0,0
jal_7,10.0,0,0,0
thattylerthecreator,0.0,0,0,0
elquesopluma,0.0,0,0,0
kodder,0.0,0,0,0
synasthesia,97.5,0,1,0
zenitha_oflove,18.0,0,0,0
deadlypantshanzo,6.0,0,0,0
faze_camel420,4.0,0,0,0
fpvhex,3.0,0,0,0
wishnafitre,1.0,0,0,0
azukala,0.0,0,0,0
teslaputs,35.0,0,0,0
callmedrt,0.0,0,0,0
zandejng,0.0,0,0,0
noryx_49,0.0,0,0,0
jondoettv,24.5,0,0,0
lukaar92,21.0,0,0,0
offtherailsgaming,15.0,0,0,0
valpher,15.0,0,0,0
nickwan_datasci,2.0,0,0,0
blackskull4280,1.0,0,0,0
rex_ryker,0.0,0,0,0
alltooswift,0.0,0,0,0
rdrfan22,0.0,0,0,0
data_dude,0.0,0,0,0
theinfamouseddy,0.0,0,0,0
southbm,0.0,0,0,0
iregretzu,11.5,0,0,0
mcgigglepop,7.0,0,0,0
officialwmii,1.0,0,0,0
apollosgrayce,0.0,0,0,0
lemonadde,0.0,0,0,0
whereismypartner,-1.5,0,0,0
apibackslash,7.0,0,0,0
girlwithbox,21.0,0,1,0
dmitriyx01,5.0,0,0,0
mavisunshine,3.0,0,0,0
iamchickensalsa,2.5,0,0,0
zvisualize,17.0,0,0,0
drunkunclegrandma,1.0,0,0,0
varleygg,0.0,0,0,0
bweldy,0.0,0,0,0
layloe,0.0,0,0,0
afmelo1,0.0,0,0,0
kerimkj,23.0,0,0,0
sozo_jamma,12.0,0,0,0
machinegun21k,480.5,1,0,0
21givenchy,9.0,0,0,0
mallyfractal,15.5,0,0,0
thorulf4,9.0,0,0,0
leanmeanjean,6.0,0,0,0
scripto2000,6.0,0,0,0
ruky_gamedev,4.0,0,0,0
vinnyviscious,2.0,0,0,0
camo123,1.0,0,0,0
ganit_ak,1.0,0,0,0
xsxk,1.0,0,0,0
anyascii,1.0,0,0,0
isaiahdaviscom,0.0,0,0,0
acdex,0.0,0,0,0
drexpress1,19.0,0,0,0
romeboy_ow,8.0,0,0,0
dickinbaus,1.0,0,0,0
unnameablesystems,0.0,0,0,0
narutopden,3.5,0,0,0
pkpatricia,3.5,0,0,0
tolucde,4.0,0,0,0
shegotmad,126.5,0,0,1
speedyrogue04,1.0,0,0,0
iamdanajr,0.0,0,0,0
gatelius,0.0,0,0,0
chesschampttv,0.0,0,0,0
auverance,0.0,0,0,0
poopstompdotcom,0.0,0,0,0
icarusrizes,164.0,1,1,0
darktowerbuilder,2.0,0,0,0
arslanruslan,11.0,0,0,0
tedgerahedron,2.0,0,0,0
mightyhouseinc,2.0,0,0,0
zerotoherodev,1.0,0,0,0
morecouragepleasesgt,0.0,0,0,0
pedro_nks,1.0,0,0,0
brokencodefix,1.0,0,0,0
aza_app,0.0,0,0,0
fatalmoments,0.0,0,0,0
facilongo_hongo,1.0,0,0,0
benrooke,14.0,0,0,0
humblewebdev20,10.0,0,0,0
nightshadedude,7.0,0,0,0
nealwp2,6.5,0,0,0
chanflors,2.0,0,0,0
aniallator8,2.0,0,0,0
forthistime,2.0,0,0,0
jaimacusdev,2.0,0,0,0
rankerop2,1.0,0,0,0
oli2gud,1.0,0,0,0
skullcrusher4life,0.0,0,0,0
dgr_644,0.0,0,0,0
glowlackz,0.0,0,0,0
brad5203,0.0,0,0,0
curseofhades,0.0,0,0,0
thee_machinist,0.0,0,0,0
geckoguy_11,28.0,0,0,0
i_like_to_break_stuff,14.0,0,0,0
st_ignucius,8.0,0,0,0
bubble_puff,2.0,0,0,0
apex_2707,2.0,0,0,0
seba123hd,0.0,0,0,0
lockedign,0.0,0,0,0
loganslayer0492,3.0,0,0,0
steve7411,0.0,0,0,0
dewed_eth,0.0,0,0,0
gizmogrowler,10.0,0,0,0
zeskos,1.0,0,0,0
whyevenquestion1t,25.0,0,0,0
capybarabeat,5.0,0,0,0
jim3838,2.0,0,0,0
serengheti,0.0,0,0,0
ckcrichard,24.0,0,0,1
ryguy_omg,13.0,0,0,0
rjm003,2.0,0,0,0
virus_2k2k,1.0,0,0,0
bezuxo,1.0,0,0,0
zodiactone,7.0,0,0,0
gildinglilies,14.5,0,0,0
rajeshyep,0.0,0,0,0
mr_og93,5.0,0,0,0
puarhu,10.0,0,0,0
tbell19,1.0,0,0,0
thick_engineer,10.0,0,0,0
dhzed,14.0,0,0,0
n0tst3_,9.0,0,0,0
nitr0k,4.0,0,0,0
raulc_80,1.0,0,0,0
codedslush,0.0,0,0,0
boop322,0.0,0,0,0
jaceyscript,23.0,0,0,0
bott1edbott1e,10.0,0,0,0
reillyoborre,6.0,0,0,0
tikonux,6.0,0,0,0
blockchainjohn,5.0,0,0,0
elfenchilada,4.0,0,0,0
beemoe5,4.0,0,0,0
iamthedeej,2.0,0,0,0
ejshn,2.0,0,0,0
abdumhmd,1.0,0,0,0
mrbosston24,1.0,0,0,0
saf_2k,1.0,0,0,0
krisnova,15.0,0,0,0
sora1525,1.0,0,0,0
developerxio,0.0,0,0,0
zman4532,42.5,0,0,0
mikechelen,29.0,0,0,0
nicolahristov,13.0,0,0,0
sm0keslide,4.0,0,0,0
ragnorgrim,2.0,0,0,0
seijisoldier,0.0,0,0,0
apprenticealex,0.0,0,0,0
themosttoasted,0.0,0,0,0
thetruezakpak0,5.0,0,0,0
pure_cypher,3.0,0,0,0
omp3policeo,11.5,0,0,0
myabdi4,1.0,0,0,0
someone7834,1.0,0,0,0
velothehero,5.0,0,0,0
arminkazim,248.0,1,1,0
yankokhaos,8.0,0,0,0
realpattywhack,5.0,0,0,0
0zirix31,2.0,0,0,0
earendtron_9000,1.0,0,0,0
gdbobby,1.0,0,0,0
shineondurgy,0.0,0,0,0
stray77,16.0,0,0,0
spiderkingprime,10.0,0,0,0
avatsal,5.0,0,0,0
solthedude,43.0,0,0,0
batty_noir,1.0,0,0,0
sirbiggybeef,0.0,0,0,0
shipnova,0.0,0,0,0
kookikodes,22.0,0,0,0
bigart90,7.0,0,0,0
gafegafe,3.0,0,0,0
virus610,2.0,0,0,0
lagia44,2.0,0,0,0
inadequatedev,0.0,0,0,0
jasonissleepy13,0.0,0,0,0
ghostycode,0.0,0,0,0
itsboilingoil,10.5,0,0,0
squidlysid,0.0,0,0,0
q8geek,0.0,0,0,0
davisdirota,55.0,0,1,0
sishqiptar,37.0,0,0,1
97th_juice,4.5,0,0,0
dannyysama,3.0,0,0,0
luckyscar,2.0,0,0,0
thehakodrako,0.0,0,0,0
maxboymax,4.5,0,0,0
begg4r,3.0,0,0,0
alinalikescozy,6.0,0,0,0
legendsdm,6.0,0,0,0
rishu,7.0,0,0,2
billionth_,3.0,0,0,0
bunkerdog2002,3.0,0,0,0
vinci2fast,1.0,0,0,0
adityaharist,1.0,0,0,0
coffeecapri,0.0,0,0,0
bensonk42,0.0,0,0,0
conejo1394,0.0,0,0,0
coldfloat,0.0,0,0,0
boatcucumberwire5,5.0,0,1,0
swordfigh56,10.0,1,1,0
rmh211,12.0,0,0,0
semicoln,1.0,0,0,0
voohres,1.0,0,0,0
weird_tmp_oren_account,0.0,0,0,0
smart_coder5,0.0,0,0,0
critical780,0.0,0,0,0
hoist777,0.0,0,0,0
litium_greinder,0.0,0,0,0
sm12333,0.0,0,0,0
dirlyd,14.5,0,0,0
4rg0n4vt1,9.0,0,0,0
iheartcoding,4.0,0,0,0
lopki5,2.0,0,0,0
martzom,1.0,0,0,0
fabriiferroni,0.0,0,0,0
thealejandro__,0.0,0,0,0
alexbvart_,0.0,0,0,0
rouiiy9,0.0,0,0,0
whaatsuuup,0.0,0,0,0
the_real_enrico_pallazzo,0.0,0,0,0
imsorude,0.0,0,0,1
dogemmaharu,0.0,0,0,0
